Data,Otwarcie,Najwyzszy,Najnizszy,Zamkniecie,Wolumen
2000-02-06,19398,21224.6,19398,21224.6,48056483
2000-02-13,20977.2,21742.2,20859.7,21245.4,53827575
2000-02-20,20521,21753.2,20521,21753.2,50740916
2000-02-27,21352.7,22823.5,21352.7,22823.5,56072788
2000-03-05,21488.9,22061.4,21488.9,21833.8,54867608
2000-03-12,22347.3,22347.3,21421.3,22208.2,37495344
2000-03-19,22013.4,22386.2,21619.1,22386.2,44480823
2000-03-26,21969.4,22387.9,21837,22387.9,35685868
2000-04-02,22868.4,22868.4,21255.9,21255.9,34177171
2000-04-09,21783.8,21783.8,20619.1,21243.5,27362852
2000-04-16,21325.6,21325.6,20417.6,20683,23934501
2000-04-23,19003.7,19704,19003.7,19041.8,22665776
2000-04-30,19074.8,19631.1,19074.8,19631.1,15062863
2000-05-07,19615.9,19615.9,19357.8,19357.8,6287866
2000-05-14,19266.9,19782.3,19093.7,19782.3,19525313
2000-05-21,19701.9,20207,19701.9,19758.3,25860237
2000-05-28,19445.4,19445.4,18356.7,18356.7,22273065
2000-06-04,18399.3,19851.5,18399.3,19851.5,24819624
2000-06-11,20053.4,20053.4,19396.3,19676.1,21614147
2000-06-18,19612.1,19728.9,19355.4,19675.8,21105770
2000-06-25,19518.7,19575.2,19518.7,19575.2,14201433
2000-07-02,19589.8,19944.5,19589.8,19642.7,19938287
2000-07-09,19536.6,19708.9,19474.4,19474.4,21424136
2000-07-16,19610.1,19658,19340.6,19658,27925023
2000-07-23,19713,20047.7,19713,20047.7,25826838
2000-07-30,20028,20028,19100,19100,21192924
2000-08-06,18991,18991,18795.7,18795.7,18104377
2000-08-13,18918.1,19072.2,18756.3,18756.3,19439360
2000-08-20,18463.6,18605.4,18276.2,18276.2,13345358
2000-08-27,17901.4,18403.5,17901.4,18403.5,18029750
2000-09-03,18475.7,18614.2,18220.7,18614.2,16590891
2000-09-10,18782.1,18782.1,18265.4,18265.4,17992661
2000-09-17,18034.2,18282.8,18011,18234.3,15173549
2000-09-24,18026.7,18032.7,17076.5,17076.5,17090550
2000-10-01,17258.3,17258.3,16776.3,16882.6,16847107
2000-10-08,16733.3,16733.3,16342.7,16415.5,14708593
2000-10-15,16156.4,16156.4,14929.3,14929.3,18195303
2000-10-22,15544.8,16241.6,15544.8,16241.6,22937966
2000-10-29,16241.9,16295.4,15953.1,15953.1,18447857
2000-11-05,15775.7,16550.3,15597.5,16550.3,21955019
2000-11-12,16733.9,17108.5,16429.4,16429.4,39270192
2000-11-19,15898.8,16467.2,15898.8,16467.2,24289519
2000-11-26,16532.6,16773.4,16285.3,16773.4,23441024
2000-12-03,17050.3,17157.2,16226.8,16347.1,30435223
2000-12-10,16305.6,16895.9,15987.3,16860.6,30338196
2000-12-17,16902.1,17857.4,16789.6,17596.4,48458527
2000-12-24,17609.5,18252.8,17296.2,17831.8,40207350
2000-12-31,17965.3,18136.7,17818.3,17847.6,17520672
2001-01-07,17567.9,17959.2,17319.7,17509.3,30563699
2001-01-14,17276.7,17276.7,16794.3,17070.5,35041746
2001-01-21,17079.6,17598,16734.6,17598,36401550
2001-01-28,17522.3,17681.5,17188.9,17334.3,22797313
2001-02-04,17278,17730.9,17255,17695.9,24909476
2001-02-11,17557.5,17560.6,16653,16660,26943136
2001-02-18,16573.2,16861.4,16266.7,16447.8,23567898
2001-02-25,16343.8,16539.2,15561.4,15678.2,25898726
2001-03-04,15900,16000.8,14926.2,15058,25384076
2001-03-11,15075.9,15522.2,14878.9,14897,22357548
2001-03-18,14564.3,14609,13848.8,14436.2,33408021
2001-03-25,14445.5,14860.2,14430.1,14713.3,33451950
2001-04-01,14809.9,14912.2,14537.4,14698.9,21799111
2001-04-08,14616.9,14653.5,14031,14553.8,27579674
2001-04-15,14459,15269.1,14434.2,15182.8,23184665
2001-04-22,14877.1,15791.6,14831.3,15644.9,22448568
2001-04-29,15431.6,15603.3,15274.5,15487.5,26445470
2001-05-06,15483,15483,15037.4,15116.7,12725571
2001-05-13,15126.2,15251.1,14583.8,15067.9,20738207
2001-05-20,15049.8,15230.2,14821.9,15022,22151898
2001-05-27,15018.5,15763.5,15007.5,15598.7,29071384
2001-06-03,15567.3,15666.7,15334.9,15597.1,19062330
2001-06-10,15553.9,15580.5,14712.7,14712.7,25835931
2001-06-17,14556.5,14729.9,14241.7,14276.6,20113668
2001-06-24,14246.5,14285.8,13880.6,14216.2,22231200
2001-07-01,14174.5,14358.6,13847.3,13945.4,18934597
2001-07-08,13915.7,13955.5,13197.9,13579.7,22917935
2001-07-15,13560.1,13560.1,12892,13404.2,27561647
2001-07-22,13434.4,13674.7,13037.8,13046.2,20225438
2001-07-29,13008.6,13271.9,12745.5,13268.1,23037755
2001-08-05,13288.3,13322,12993.2,13129.9,27501184
2001-08-12,13141.2,13220.9,12446.2,12513.3,19503083
2001-08-19,12505.2,12519.6,11893.9,12018.6,12635858
2001-08-26,11994.4,12698,11988,12698,16832497
2001-09-02,12796.8,12852.6,12508,12802.1,16135208
2001-09-09,12722.8,13219,12719.9,13040.1,23495779
2001-09-16,12949.7,13035.8,12160.3,12233.6,23652951
2001-09-23,11994.3,12256.1,11572.6,11712.4,21257093
2001-09-30,11813.3,11890.6,11464.8,11890.6,24277180
2001-10-07,11842.1,11842.1,11523.2,11654.3,21789504
2001-10-14,11570.6,13044.5,11533.4,12824.5,49054307
2001-10-21,12614.1,13482.1,12584.7,12891.6,45717653
2001-10-28,12900.3,13999.1,12871.5,13895.2,41069368
2001-11-04,13947.3,14187.8,13509.7,13640.1,32657782
2001-11-11,13628.2,13976.2,13394.9,13892.4,29048421
2001-11-18,13925.6,14711.8,13722.4,14593.3,43620733
2001-11-25,14655.9,14725.7,13929,14238.4,43585668
2001-12-02,14223.9,14384.4,13995.8,14036.1,31077305
2001-12-09,13920.5,14465.4,13813.9,14302.4,30339070
2001-12-16,14135.1,14199.1,13335,13542,48201123
2001-12-23,13480.3,13918.3,13479,13719.8,49019951
2001-12-30,13753.9,13858.3,13677.6,13858.3,10526601
2002-01-06,13823.5,15163.7,13807.8,15013.2,31336381
2002-01-13,14972.4,16072.6,14851.2,15700.3,58904729
2002-01-20,15500.1,15989,15264.2,15835.6,38400379
2002-01-27,15709.2,16423.3,15623.8,16311.6,41884956
2002-02-03,16341,16373.2,15617.9,15940.5,36602389
2002-02-10,15776.2,15834.1,15180.4,15374.4,36158625
2002-02-17,15480.3,15538.7,15209.9,15376.7,38126785
2002-02-24,15324.8,15324.8,14955.3,15007.5,26273597
2002-03-03,15048,15424.9,15012.1,15411.5,28969013
2002-03-10,15617.5,15635,15218.4,15489.8,30189975
2002-03-17,15431.9,15453.8,14952.7,15233.2,19269947
2002-03-24,15171.4,15237.1,14774.6,15237.1,32673296
2002-03-31,15279.8,15282.4,14777.3,15026.4,28061438
2002-04-07,14997.9,15002.6,14657,14989.4,24120594
2002-04-14,14976.2,15349.6,14920.9,15049.7,32220995
2002-04-21,14971.7,15281.2,14849,14890.6,37850196
2002-04-28,14802.5,15177.9,14746.7,15162.7,30245666
2002-05-05,15089.9,15218.9,14969.7,14986.1,14445639
2002-05-12,14973.2,15021.2,14797.7,14931.8,18696825
2002-05-19,14875.9,15845.6,14834.7,15663,43492153
2002-05-26,15623.6,15716.1,15436.3,15650.6,36602735
2002-06-02,15572.1,15775.9,15565.5,15643,23344488
2002-06-09,15588.4,15827.3,15443.1,15558.8,25333353
2002-06-16,15505.5,15574.6,15138.3,15151.4,20698939
2002-06-23,15158.3,15272.2,14747,15041,20488454
2002-06-30,14999.8,15036,14102.9,14192.9,32340775
2002-07-07,14077.2,14272.1,13582.1,14048.2,32640498
2002-07-14,14091.6,14186.5,13673.3,13736.1,20117406
2002-07-21,13678.3,13964.1,13267.8,13320.2,24462003
2002-07-28,13102.4,13158.2,12436.8,12835.8,35423718
2002-08-04,12734.9,13166.7,12592.1,13020.2,27988632
2002-08-11,12863,13012.6,12626.9,12744.2,21865881
2002-08-18,12723.8,13108.2,12634.8,12957.8,33304166
2002-08-25,12987,13559.7,12822.9,13393.9,39734863
2002-09-01,13444,13827.3,13223.3,13433.8,31520778
2002-09-08,13427.6,13462.5,12635.1,12992.8,30528416
2002-09-15,12973.6,13433.4,12931.8,13079.8,40269289
2002-09-22,13024.4,13465.3,12964.8,13201.2,36097206
2002-09-29,13279.8,13279.8,12757.2,12985.7,21384753
2002-10-06,12830.7,12963.6,12652,12864.1,23199010
2002-10-13,12766.2,13191,12646.8,13130.1,24364916
2002-10-20,13123.8,13652.6,13044.6,13652.6,30877175
2002-10-27,13609.6,13886.8,13539.3,13690.1,21235034
2002-11-03,13752.8,14177.6,13730.3,14093.2,30807434
2002-11-10,14248.6,14303.4,13680.8,13793,30495855
2002-11-17,13781.1,14052.7,13729.3,13841.7,23008744
2002-11-24,13815.7,14563.9,13809.2,14516,27748373
2002-12-01,14555.5,14931.3,14471.2,14662.9,35128079
2002-12-08,14672.6,15069.8,14668.5,14724.2,31340517
2002-12-15,14679.8,14744.8,14387.9,14534.7,28790635
2002-12-22,14557,14663.5,14034.3,14116.7,32517652
2002-12-29,14122.5,14402.5,14122.5,14402.5,6558932
2003-01-05,14397.8,14795,14210.2,14770.5,22771651
2003-01-12,14843.8,14917.6,14569.3,14785.9,32651395
2003-01-19,14865.7,15168,14578.9,14637.5,31098246
2003-01-26,14594.1,14654,14130.4,14133.8,26306693
2003-02-02,13930.1,13984.9,13623.7,13844.8,24134712
2003-02-09,13927.8,14143.1,13627.5,13797.3,29122164
2003-02-16,13776.1,14000.5,13737.4,13873.2,36328512
2003-02-23,14055.8,14079.9,13808.5,13922.1,37547379
2003-03-02,13892,13956.5,13572.1,13775.5,31640932
2003-03-09,13742.3,13774.2,13420.8,13599.6,37720888
2003-03-16,13668.4,14035,13665.6,13866.6,41395444
2003-03-23,13763.8,14069.4,13568.8,14069.4,30110307
2003-03-30,14058,14128.5,13882.8,13978.3,25031561
2003-04-06,13838.5,14217.3,13692.6,14175.4,31950424
2003-04-13,14375.8,14523.2,14310.5,14368.1,37559692
2003-04-20,14331.3,14331.3,14079.6,14211.6,23957356
2003-04-27,14208.3,14368.1,14142.3,14231.8,23974725
2003-05-04,14172.2,14421.6,14022.2,14421.6,22287939
2003-05-11,14508.4,14675.9,14462.2,14675.9,34155711
2003-05-18,14694,15050.1,14575.1,14892.8,51036807
2003-05-25,14832,15055.8,14699.2,15040.5,41576342
2003-06-01,15064.5,15304.4,14897.5,15304.4,44014981
2003-06-08,15352.9,15607.5,15233.6,15598.5,43771915
2003-06-15,15569.7,15626.6,15333.9,15560.7,28706471
2003-06-22,15470.2,15989.3,15409.4,15910.4,29662328
2003-06-29,15843.8,15989.9,15678.7,15930.6,60183260
2003-07-06,15860.1,16338.2,15750.8,16338.2,40444051
2003-07-13,16393.7,17216.7,16390.2,17108.8,58143177
2003-07-20,17196.4,17698.8,17196.4,17695.6,52750010
2003-07-27,17802.9,17849.3,17193.7,17458.5,45860947
2003-08-03,17625.1,18160.3,17618.6,17978.9,67746838
2003-08-10,17912.6,18674.9,17789.8,18372.6,60509533
2003-08-17,18440.8,19448.7,18414.6,19388,77082593
2003-08-24,19526.8,20899.4,19330.4,20615.6,96273408
2003-08-31,20467.7,21498.8,20313.2,21336.3,122141221
2003-09-07,21639.1,22310.8,20650.9,20713.4,92296572
2003-09-14,20730.4,20864.6,19744.7,19881.4,66455944
2003-09-21,19923.5,20676.6,19768.4,20261.1,44589504
2003-09-28,20139.2,20139.2,19488.9,20002.4,32002817
2003-10-05,20079.2,20079.2,19288.7,19938.3,30013340
2003-10-12,20001.8,21395.9,19986.5,21181.2,52386340
2003-10-19,21393,22158.1,20935.5,21213.9,65249990
2003-10-26,21103.1,21237.5,19932.8,20214.8,36898128
2003-11-02,20241,20932.3,19802.3,20663.7,45895203
2003-11-09,20798.2,21030.7,20242.8,20602.6,42335452
2003-11-16,20537.3,20769.6,20361.1,20425.1,44426839
2003-11-23,20174.5,20174.5,18693.5,19144.3,51419222
2003-11-30,19304.8,19401.9,18933.9,19231.5,36364766
2003-12-07,19354.3,20083.6,19354.3,19610.2,38383696
2003-12-14,19512.3,20882.8,19483.2,20726,56288933
2003-12-21,20941.5,20985.6,20446.3,20603.5,38354847
2003-12-28,20631.5,20874.4,20598.5,20862.1,16925075
2004-01-04,20892.7,21299.4,20725.3,21299.4,15149612
2004-01-11,21372.8,22380.8,21372.8,21813.7,56881053
2004-01-18,21732.7,22474.5,21597,22010.2,72501646
2004-01-25,22068.1,22669,22016.8,22490.1,61432577
2004-02-01,22462.4,22651,21441,21947.2,88569319
2004-02-08,22022.2,22612.8,21933.8,22512.9,51138372
2004-02-15,22748.3,23562.1,22723.9,23294,78129805
2004-02-22,23211.7,23622.7,23009.8,23333.9,66189269
2004-02-29,23270.5,23327.5,22479.6,23317.9,72153278
2004-03-07,23640.2,24037.5,23364.5,23858.1,76291694
2004-03-14,23924.9,24271.3,23290.5,23677.4,130166820
2004-03-21,23661.7,23733.4,22924.2,23089.2,98539722
2004-03-28,22976.6,23840.3,22963.9,23682.1,58186490
2004-04-04,23670.7,24492.6,23640.7,24387.8,68074072
2004-04-11,24408.6,24736.4,24343.2,24694.1,35673672
2004-04-18,24852.3,25253.9,24852.3,25059.1,61155558
2004-04-25,25191.2,25289.6,24395,24639.8,91388071
2004-05-02,24542.3,24741.7,23982.1,24304.4,57859370
2004-05-09,24377.3,24633.8,23600.7,23651.1,42599601
2004-05-16,23109.5,23172.3,22446.4,22677.5,72016284
2004-05-23,22411.9,23553.2,22392.3,23280.3,53830099
2004-05-30,23363,23574.4,22778.2,23541.7,53629078
2004-06-06,23631.9,23900.2,23356.3,23506.9,54660012
2004-06-13,23669,23813.4,23309.8,23471.2,42531744
2004-06-20,23219.3,23356.2,22914.4,23058.9,37440087
2004-06-27,23113.4,23818.9,23058.6,23818.9,39450847
2004-07-04,23831.9,24010.6,23602.2,23757.2,41400660
2004-07-11,23667.5,23895.8,23606,23847.6,33104712
2004-07-18,23885.1,23920.1,23050.9,23508.2,44008689
2004-07-25,23535.5,24037.3,23481,23879.1,34206462
2004-08-01,23899.3,23992,23496.9,23632.3,31179693
2004-08-08,23557.1,24051.4,23530.3,23736.3,30663668
2004-08-15,23604.7,23680.8,23187.6,23367.6,27792466
2004-08-22,23357.9,23918.6,23331.4,23917.9,33669281
2004-08-29,23928,24257.7,23840.9,24179.8,31747560
2004-09-05,24102.7,24504.8,24039.8,24412.7,40891601
2004-09-12,24428.2,25058.8,24391,24939.4,42031888
2004-09-19,24937.1,25500,24852.4,25312.5,51770722
2004-09-26,25268.7,25412.7,24833.8,24869.3,44080729
2004-10-03,24773,25326.9,24730.6,25254.9,36179907
2004-10-10,25483.4,25866.9,25367.8,25451,50553528
2004-10-17,25341.8,25499.6,24647.9,24871.5,48782121
2004-10-24,24844.9,25111.4,24586.1,25020.2,39272211
2004-10-31,24751.3,25448.8,24639.5,25419.3,47353690
2004-11-07,25643.7,25888.2,25212.4,25327.7,45143840
2004-11-14,25465.1,25900.8,25058.3,25623.9,46519966
2004-11-21,25732.2,25745.5,25024,25309.5,73968915
2004-11-28,25163.9,25268.4,24636,25268.4,69015755
2004-12-05,25294.3,26144,25208.4,26040.2,86533168
2004-12-12,25961.3,26067.8,25603.5,25653.7,68903035
2004-12-19,25683,26210.8,25519.7,26206.2,83125177
2004-12-26,26248.1,26476.7,25967.3,26152.4,72317061
2005-01-02,26140.4,26691.7,25966,26636.2,38199688
2005-01-09,26669.9,26903.5,25726.3,25931.4,56579795
2005-01-16,25916.5,25931.6,25626.2,25767.1,62517119
2005-01-23,25830,25842.3,25062.8,25206.5,56623106
2005-01-30,25047.8,25860.7,24966,25792.3,60865370
2005-02-06,25858.6,26638.9,25804.2,26638.9,69079908
2005-02-13,26765,27026.9,26610.6,26812.1,69219999
2005-02-20,26859.6,28124.4,26782.6,27752.8,85814890
2005-02-27,27669.8,28555.9,27574.8,28547.1,84896590
2005-03-06,28644.5,28681.5,27409.7,27841.2,89307865
2005-03-13,27992.7,28337,27563.2,27614,69357664
2005-03-20,27562.8,27577,26597.4,26850,73225304
2005-03-27,26904.5,27032.6,26401.1,26908.7,47520863
2005-04-03,26912.7,27542.3,26691.7,27197.3,39166857
2005-04-10,27267.1,27636.8,27032.3,27335.1,40939584
2005-04-17,27182.9,27500.8,26733.6,26865.9,43796202
2005-04-24,26498.2,26603.4,26082.7,26534,49083764
2005-05-01,26539.9,26668,25677.1,25813.6,43836768
2005-05-08,25894.2,26185.5,25779.9,25977.6,34694119
2005-05-15,25988.9,26048.5,25530.3,25662.6,54670849
2005-05-22,25662.1,26396.5,25466.5,26324,55796175
2005-05-29,26320.2,26712.7,26072.3,26712.7,34951661
2005-06-05,26750.3,27021.2,26427.4,26974.6,48967791
2005-06-12,26985.9,27661.7,26954.8,27574.7,59596290
2005-06-19,27499.3,27985.8,27366.2,27985.8,61717015
2005-06-26,27945.4,28550.5,27944.3,28071.3,61148446
2005-07-03,27997.6,28620.1,27802.2,28620.1,56864756
2005-07-10,28680.6,29037.7,28159.4,28925.6,67266810
2005-07-17,29067.4,29567.7,28824.2,29430.5,60884708
2005-07-24,29412.7,29663.3,29007.6,29165.5,56382871
2005-07-31,29245.8,30488.4,29178.1,30448.3,65759200
2005-08-07,30408,31222.6,30370.2,30907.2,62307360
2005-08-14,30956.1,31467.7,30633.5,30736,63914647
2005-08-21,30895.1,31045.4,30414.6,30548.5,47872507
2005-08-28,30563.5,30968.3,30477.6,30917.7,47760173
2005-09-04,30895.9,32171.8,30871.7,31959.3,79375836
2005-09-11,31877.6,32132.7,31626.3,32084.5,49336593
2005-09-18,32214.1,33308.7,32150.5,33256.3,73436541
2005-09-25,33340.1,34343.5,32890.4,33223.9,92403621
2005-10-02,33121.5,34038.3,32921.1,33801.2,70266214
2005-10-09,33898.1,34360,32349.7,32700.7,72578620
2005-10-16,32823.4,33153.4,31330.8,31599.9,61675648
2005-10-23,31822.3,32208.1,31109.8,31727.4,78943632
2005-10-30,31711,32384.8,31214.6,31728.5,108537927
2005-11-06,31937.4,33317.6,31911,33317.6,73541855
2005-11-13,33172.4,33217.3,32761.2,33012.9,82269951
2005-11-20,33347.5,33909.6,32789.5,33667,124372426
2005-11-27,33762.8,33778,33102.4,33392.8,128500760
2005-12-04,33574.2,34480.7,33414.3,34480.7,122048132
2005-12-11,34503.6,34635.7,33999.7,34333.9,97697887
2005-12-18,34392.8,35005.8,34333.9,34821.8,115710441
2005-12-25,34917.6,35733.8,34822.1,35730.4,136668578
2006-01-01,35672.5,36082.2,35511.4,35600.8,57780485
2006-01-08,35466.4,38136.6,35324.5,37921.1,187599080
2006-01-15,38271.5,38591.7,37435.5,37599.5,153446064
2006-01-22,37547.3,39160.4,37405.5,39013.1,149510260
2006-01-29,38517.4,39557.8,38313.9,39107,126063106
2006-02-05,39083,39167.2,37134.8,37222,119988664
2006-02-12,37382.2,38568.4,37382.2,37870.9,88065182
2006-02-19,37654.6,38625.8,37587.5,38625.8,92194753
2006-02-26,38844.9,39794,38746.6,39794,85023964
2006-03-05,39967.9,40120.7,38632.7,39357,137841004
2006-03-12,39387.2,39645.5,37510.2,37942.1,112415742
2006-03-19,38058.6,39722.8,37517.3,39214.4,124288490
2006-03-26,39293.9,39937.8,38538.1,39660.8,93871900
2006-04-02,39756.7,40317.1,38917.2,40220.3,95985996
2006-04-09,40199.1,41945.7,40191.6,41823.1,160500920
2006-04-16,41900.4,42262.6,41170.2,42018.4,144153010
2006-04-23,42352.6,44126,42338.6,43979.5,124533226
2006-04-30,43962.2,44836.2,43278.1,43998.6,134023782
2006-05-07,43945.9,45198.5,43945.9,45070.9,64993861
2006-05-14,45549,45894.6,44740.9,45390.3,133728658
2006-05-21,44968.6,44995.2,42270.3,42656.8,142361052
2006-05-28,42328.9,42356.9,38368.7,40446.4,186065202
2006-06-04,40899.5,41080,38946.9,40917.5,116309020
2006-06-11,40864.2,41503.4,38576.6,38758.3,105594404
2006-06-18,38473.4,38473.6,34768.3,36340.6,140259376
2006-06-25,36725.1,38200.9,36482.1,37402.6,100606022
2006-07-02,37378,41094.1,37378,40644.6,161287850
2006-07-09,40836.6,42958.1,40383.1,42875.6,136535787
2006-07-16,42108.1,44005.6,41270.3,42010.8,136082588
2006-07-23,42035.7,43671.2,41363.6,43418,99525494
2006-07-30,43341.1,45900.2,43259.7,45781.7,114470439
2006-08-06,45899.1,46194.7,43297.5,44003.3,116798066
2006-08-13,43690.9,44547.2,42742.7,42742.7,111036414
2006-08-20,42924.8,43570.3,42634.8,43166.9,81963230
2006-08-27,43136,43614.3,42325.6,42583.7,77964717
2006-09-03,42351.1,44139.5,42059.6,43488,86640877
2006-09-10,43808.4,45115.5,43675.8,44071.9,116353181
2006-09-17,43735.3,44986,43344.8,44352.5,169235938
2006-09-24,44586.1,45007.1,43376.3,43772.1,155277296
2006-10-01,44020,44613.1,43730.5,44052.5,159809626
2006-10-08,44297.1,45140.7,43725.4,44966.6,117685918
2006-10-15,44941.6,47368,44933.7,47280.4,127196283
2006-10-22,47315.4,48253.9,46813,47562.9,153016738
2006-10-29,47678.2,48555.7,47175,47761,233732342
2006-11-05,47385.7,47833.4,47030.4,47833.4,118227788
2006-11-12,48025.2,50091.1,47995,49032.6,273028744
2006-11-19,48987.6,49270.7,47765.9,48300.4,241025480
2006-11-26,48121.1,49820,47837.7,49566.1,165798228
2006-12-03,49655.6,50998.8,48939.3,50601.7,152244888
2006-12-10,50797,52523.8,50797,52166.5,177163748
2006-12-17,52307.8,52314.7,50477.1,51962,211332216
2006-12-24,51960.4,52242.2,49725.4,49730.6,200611776
2006-12-31,50242.4,51017.7,49987.5,50411.8,88216392
2007-01-07,50396.2,51359,49459.9,49560.3,127785492
2007-01-14,49151.6,51075.8,48814.8,51020.9,159890966
2007-01-21,51261.3,54132.3,51261.3,54048.2,225095948
2007-01-28,54456.2,54804.4,52713.5,53488,205733354
2007-02-04,53717.6,55644.4,53339,55314,209727920
2007-02-11,55330.3,55701.4,53318.2,53826.9,179898234
2007-02-18,53433.5,54542.3,52935.2,53834.9,157527862
2007-02-25,54056.9,55840.2,54052,55702.5,240085660
2007-03-04,56008.4,56029.1,51069.1,51917.3,284998380
2007-03-11,50903.9,53487.9,49871.2,52910.8,185119418
2007-03-18,53309.7,53927.5,51268.1,53676.9,239051828
2007-03-25,53955.8,56936.5,53955.8,56936.5,664020200
2007-04-01,56992.6,57759.4,56097.4,57524.6,746043664
2007-04-08,57197.5,58269.6,56748,58183.8,610655616
2007-04-15,58352.9,59434.4,58074.2,58822.5,560502568
2007-04-22,59570.6,60361.1,58751.3,60316.7,559163376
2007-04-29,60713.8,60844.7,59054.1,59378.1,436631940
2007-05-06,59413.6,61553.7,59149,61553.7,153635572
2007-05-13,61552.2,61696.6,57816.3,59667.4,352354904
2007-05-20,60340.7,60702,59143,59952.3,299960524
2007-05-27,60286.7,61980.7,60286.7,61664.7,343309792
2007-06-03,61999.1,64610.8,61829.2,64610.8,373744076
2007-06-10,64577.8,65016.5,62259.2,62956.2,406798856
2007-06-17,63602.9,65731.6,63005.4,65438.2,680279704
2007-06-24,65524.3,65860.2,64822.2,65712.8,382418992
2007-07-01,65543.3,66578.7,65057.1,66077.7,422921096
2007-07-08,65919.8,67568.5,65163.1,67568.5,300354632
2007-07-15,67561.9,67772.9,65237,65989.7,370984924
2007-07-22,66077.2,66143.6,64060.3,65257.3,313466364
2007-07-29,65283.4,66045.6,61631.8,62609.5,305859076
2007-08-05,62795.4,63670.5,61521.4,61684.4,233081368
2007-08-12,60782.1,61752.8,58004.2,58395.5,262123568
2007-08-19,58672.5,59707.7,53969.5,56506.5,388402680
2007-08-26,57452.6,60141.5,55558.9,60108.2,375940748
2007-09-02,60620.4,60823.2,58190,60649.9,434183992
2007-09-09,60816.7,61509.5,58718.9,59197.4,660467840
2007-09-16,58395.6,60681.7,58108.4,60071.3,269330320
2007-09-23,59940.1,62797.3,59588.7,62259.2,613155464
2007-09-30,62356.1,62363.3,60312.9,60368.9,374739084
2007-10-07,60285.4,61661.3,59490,61554.1,362688400
2007-10-14,61882.9,64057.2,61477.7,63813.9,446984027
2007-10-21,64137.9,64358.7,62133,63132.7,313585496
2007-10-28,62362.3,63889.2,61734.3,63366.3,296399831
2007-11-04,63933.2,64025.2,62002,62154.6,179590716
2007-11-11,61911.1,61929.7,57435.2,58222.8,408551052
2007-11-18,57664.1,58845.7,54400.4,55517.6,455643403
2007-11-25,56017.7,56276.7,53843.1,56094.4,548543835
2007-12-02,56641.1,56976,54307.6,56680.3,490081257
2007-12-09,56938.2,58774.4,56222.6,58635.8,838511585
2007-12-16,58621.6,59175.9,56460.4,56871.4,518161372
2007-12-23,56244.6,56244.6,54030.5,55792.5,721477616
2007-12-30,56038.5,56563.1,55590.6,55648.5,206475523
2008-01-06,55702.5,56066.8,54732.2,54850.7,252729524
2008-01-13,54427.2,54525.1,50400.8,50400.8,734940369
2008-01-20,50202.4,50202.4,45400.1,47128.7,873304422
2008-01-27,45925.8,47964.7,42506.2,47522.1,829744129
2008-02-03,46795.3,49094.2,46360.9,49092.2,714073171
2008-02-10,49740.1,49923.9,46512.7,47589,498789528
2008-02-17,47378.7,50699.1,47364.9,49309.4,557342649
2008-02-24,49504.9,50342.6,49019.2,49320.2,396711365
2008-03-02,49702.4,49918.4,47373.7,47522,305203447
2008-03-09,46676.7,46856,45312.2,45792.5,387648813
2008-03-16,45754.6,47861.1,45658.4,46239.4,309615681
2008-03-23,45515.7,46667.4,44480.4,45903.7,301825565
2008-03-30,47216.6,48131.9,46914.4,47936.7,229141748
2008-04-06,47581.4,49088.4,47290.1,48615.5,285945946
2008-04-13,48954.1,49165.8,47064.2,47064.2,231919384
2008-04-20,46876.4,47477.1,46256.7,47477.1,296523526
2008-04-27,47459.5,47621.1,45250.2,46265.3,345960630
2008-05-04,46609.2,46823.2,46039.8,46691.8,118742864
2008-05-11,47274,48341.9,47105.4,47598.7,187254056
2008-05-18,47908.9,48504.9,47640,47960.4,245395789
2008-05-25,48035.5,48048.1,46325.5,46573.9,212498842
2008-06-01,46544,47157.3,46348.7,46624.4,233376302
2008-06-08,46650.3,46758.8,45819.4,45819.4,233605689
2008-06-15,45356.6,45356.6,42820.8,43623.3,257994944
2008-06-22,43938.2,43974.5,42382.7,42987.4,264084294
2008-06-29,43177.6,43430.8,41178.2,41373.8,216567065
2008-07-06,41603.1,41745.3,39497.9,39584,282144086
2008-07-13,39726.7,40163.5,38692.7,38927.9,311073005
2008-07-20,39142.4,39299.5,37371.8,38847.3,346987339
2008-07-27,38708.9,40978.3,38676.3,40640.4,342525809
2008-08-03,40471.1,42546.4,40452.4,42017.9,472260047
2008-08-10,41755.9,42374.4,40389.5,40651.8,324169921
2008-08-17,41041.2,41530.2,40712.7,40903.5,188194066
2008-08-24,40828.1,41062.2,39555.3,40411.3,300106100
2008-08-31,40482.8,40599.4,39226.1,40481.8,219584460
2008-09-07,40083.5,41483.4,39830.5,39913.5,291370444
2008-09-14,40569.1,40751.8,39015.5,39121,200060881
2008-09-21,38606.5,38609.8,35688.5,38361,385852269
2008-09-28,38577.1,38832.6,37290.4,38460.5,337773042
2008-10-05,38365.5,38365.6,35690.4,36830.3,556394640
2008-10-12,35912.2,35912.2,29666,31041.4,493402043
2008-10-19,32020.4,33222.2,27893.1,28624.8,404010283
2008-10-26,29218.3,29641.2,24698.5,25291.4,394831796
2008-11-02,24621.3,28444.4,24125.4,28397.1,417721751
2008-11-09,28421.2,29600.5,27817.3,28427.3,426619744
2008-11-16,28874.1,29198.4,26156.9,27110.6,257800106
2008-11-23,26964.8,27125.7,24701.9,25388.8,394952708
2008-11-30,25808.7,27983.2,25712.2,27130.1,496067564
2008-12-07,26973.4,27473.3,25790.7,26980.5,286458344
2008-12-14,27853.3,28609.4,27254.1,27318.7,350181909
2008-12-21,27641.3,28467.6,27130.6,27222.2,346058089
2008-12-28,27336.8,27403.7,26702,26776.3,105624335
2009-01-04,26832.5,27530.5,26832.5,27228.6,124631089
2009-01-11,27967.8,28960.5,27629.9,27680,466092687
2009-01-18,27619.7,27722,25588.6,26177.1,625057868
2009-01-25,26358.3,26361.5,24021.7,24798,392674733
2009-02-01,24523.8,25552.9,24378.4,24685.4,278718410
2009-02-08,24485.4,24537.7,22843,23914.4,396104528
2009-02-15,24130.5,24693.6,23348.6,23555.5,427537980
2009-02-22,23483.4,23497.2,20370.3,21831.6,425298928
2009-03-01,22372,22495.2,21085.7,21690.8,290635038
2009-03-08,21401,23036,21310.4,22948.5,397775750
2009-03-15,22949.7,23686.6,22408,23176.7,430506122
2009-03-22,23376.4,23586.1,22765.2,23581.9,405785540
2009-03-29,23877.4,25717.4,23855.8,24813,674155771
2009-04-05,24351.5,26637.2,23691.9,26152,856251708
2009-04-12,26574.7,28017.8,25850,28017.8,631527915
2009-04-19,27736.6,28646.5,27389,27390.5,693111869
2009-04-26,27468.7,28322,26420.2,28319.9,621938101
2009-05-03,27968.1,29039.4,27143.9,29018.6,427219196
2009-05-10,29441.6,30495.6,29375.4,29698.4,892900933
2009-05-17,29753.3,30449.2,28971.2,29424.4,493764409
2009-05-24,29364.5,30758.7,29242.6,29399.6,564511210
2009-05-31,29593.6,29969.2,28812.2,29322.7,442711556
2009-06-07,29904.7,31974.5,29872.2,31399,463020991
2009-06-14,31277,32362.7,30813.4,32362.7,287029099
2009-06-21,32237.8,32327.5,30752.5,31556.2,494573146
2009-06-28,31465.8,31465.8,29556.1,30262.5,401213954
2009-07-05,30095.4,30942.1,30001.8,30105.1,394984705
2009-07-12,29914.2,30149.8,29523.8,29611.5,712224060
2009-07-19,29395.4,31922.7,29210,31544.7,433485271
2009-07-26,31936.7,34311.5,31933.3,33997.1,447158958
2009-08-02,34475.4,35555.8,33399.3,35261.9,480716549
2009-08-09,35359.1,35965.2,34545.1,35422.9,479062350
2009-08-16,35674,36620.6,34613.4,35811.3,477836830
2009-08-23,35268.2,37924.3,34785.3,37915.4,409091932
2009-08-30,38271.7,39185.4,37837.4,38232.1,524497525
2009-09-06,38068.9,38269.8,35692.9,36191.6,486744457
2009-09-13,36785.9,38057.9,36608.4,36649.3,489996697
2009-09-20,36240,37162.6,35748.2,36870.4,426552162
2009-09-27,36966.3,38838.2,36641.1,38214.6,652448831
2009-10-04,38246.6,38462.8,37045.6,37045.6,410168494
2009-10-11,37256.5,38322,36934.5,38017,306648247
2009-10-18,38212.2,39305.6,37771.8,38470.3,468458788
2009-10-25,38673.7,40298.5,38673.7,40262.9,363915019
2009-11-01,40119.6,40234.3,37875.7,38427.6,379100934
2009-11-08,38027.8,38987.6,37383.9,38524.6,319173276
2009-11-15,38935.6,40229.4,38900.1,39782.5,334953189
2009-11-22,40395.1,40912.9,39070.5,39574.2,542558283
2009-11-29,39909.7,40398.7,38081.7,39083.1,407100812
2009-12-06,39444.9,40882.1,39213.7,40852.9,296405882
2009-12-13,40669.3,40730.1,39126.6,39463.1,270410137
2009-12-20,39873.1,40009.1,39265.7,39399.5,298912287
2009-12-27,39352.3,39876.2,39330.2,39686.2,208700195
2010-01-03,40025.1,40313.2,39904.7,39986,236595619
2010-01-10,40156.1,41242,40156.1,40921.9,349536812
2010-01-17,41223.1,41353.1,40731.3,40990.5,401883757
2010-01-24,41029.2,41725.2,40323.8,40467.2,501283326
2010-01-31,40410.4,40593,39634.3,40058.3,293236973
2010-02-07,39828.6,40226.3,37448.8,37502.9,325085008
2010-02-14,37746.6,38174,37038.9,37933,530557805
2010-02-21,38088.4,38972.5,37979.8,38650,381472811
2010-02-28,39065.6,39104.7,37796.3,38708.6,363086084
2010-03-07,38937.6,40391.6,38702.2,40354.3,554481757
2010-03-14,40593.2,41547.1,40213.1,41253.6,580156227
2010-03-21,41247.3,42305.8,40829.6,41611.7,1027860905
2010-03-28,41641.2,42620.6,41193.9,42395.5,523529317
2010-04-04,42471.7,43151.3,42301.8,43151.3,324025979
2010-04-11,43313.1,43562,42603.3,43262.2,342728228
2010-04-18,43095.6,44302.5,43095.6,43912.6,511797468
2010-04-25,43175.6,43839.4,42359.4,42810,428511500
2010-05-02,43249.2,43700.4,42131.9,43295.2,292535437
2010-05-09,43527.9,43533.8,39896.8,39923.6,329822293
2010-05-16,40947.7,42390.1,40940.1,41075.4,468373793
2010-05-23,40754.3,41740.8,38900.2,39580.6,530025943
2010-05-30,39939.8,41409.2,38924.7,41409.2,500297263
2010-06-06,41286,41530.1,40198.9,40451.2,297194053
2010-06-13,39988,40869.8,39704.6,40635.6,315237621
2010-06-20,40815.7,41425.1,40437,40761.7,463839503
2010-06-27,41155.4,41266.7,39984.5,40376.8,366843911
2010-07-04,40426.5,40541,39003.9,39805.4,322823944
2010-07-11,39860.2,40605.7,39640,40392.1,301539914
2010-07-18,40388.6,41505.1,40335.8,41060.8,372415271
2010-07-25,40875.7,42385.1,40716.1,42292.1,411244072
2010-08-01,42534.9,42878.7,42145.7,42464.7,419967053
2010-08-08,42689.3,43669.05,42675.6,43421.3,469473693
2010-08-15,43452.1,43576.5,42019.62,42167.93,365279661
2010-08-22,42323.38,42852.39,41994.62,42202.91,255363327
2010-08-29,42275.14,42659.62,41438.11,42083.62,286839282
2010-09-05,42220.44,42979.13,41451.23,42944.94,446969143
2010-09-12,42921.81,43875.18,42838.59,43671.28,454477348
2010-09-19,44212.66,44364.5,44020.43,44145.24,461869762
2010-09-26,44187.75,45133.77,44154.27,45133.77,408724805
2010-10-03,45227.75,45322.5,44572.78,45225.58,550728621
2010-10-10,45231.04,46238.49,45035.39,45227.66,496086639
2010-10-17,45404.68,46440.96,45181.64,45806.33,438361456
2010-10-24,45741.98,45991.67,45074.58,45729.01,502730557
2010-10-31,45952.23,46263.25,45512.27,46229.6,497914726
2010-11-07,46334.42,47315.28,46315.6,47232.31,351302755
2010-11-14,47323.22,47738.65,46630.01,47493.93,332556915
2010-11-21,47455.78,47455.78,45740.17,46005.8,759253513
2010-11-28,46090.89,46164.16,45215.55,45641.9,396921745
2010-12-05,45660.92,46868.43,45167.16,46868.43,356210778
2010-12-12,46969.17,47770.43,46720.16,47510.17,380733139
2010-12-19,47639.72,47892.91,47321.1,47651.54,512250442
2010-12-26,47623.66,47816.9,47229.16,47718.8,292533732
2011-01-02,47765.26,47911.57,47420.9,47489.91,287923139
2011-01-09,47649.12,48093.34,46587.56,46850.41,138457219
2011-01-16,46768.21,47503.1,46148.55,47258.66,328307800
2011-01-23,47232.83,48531.41,47230.2,47641.43,371636618
2011-01-30,47688.87,47763.25,47033.31,47223.01,362744648
2011-02-06,46864.89,48088.98,46498.13,47796.39,742914214
2011-02-13,47977.85,48177.49,47139.45,47547.85,528147175
2011-02-20,47781.06,47823.13,46300.5,46761.43,379638683
2011-02-27,46877.9,46965.29,46382.2,46874.11,371788321
2011-03-06,46920.06,48532.09,46757.71,48295.76,536259405
2011-03-13,48338.47,48714.46,47432,47689.93,454328432
2011-03-20,47566.58,48018.78,46712.51,48010.91,531423270
2011-03-27,48182.85,48626.25,47759.62,48626.25,408820828
2011-04-03,48547.8,49503.34,48471.1,49503.34,458138607
2011-04-10,49487.67,50501.79,49437.84,49986.15,508764371
2011-04-17,50118.17,50174.38,49549.02,50016.31,506644921
2011-04-24,50017.99,50294.47,49193.91,49966.31,397323264
2011-05-01,49918.31,50259.66,49806.42,50008.98,517948640
2011-05-08,50097.45,50134.02,49040.37,49321.53,464823286
2011-05-15,49431,49437.37,48459.77,48677.61,559610163
2011-05-22,48540.86,49212.05,48286.43,48858.84,501626481
2011-05-29,48486.49,49575.71,48155.21,49425.67,528826506
2011-06-05,49567.44,50164.33,49396.93,49638.88,644977576
2011-06-12,49628.4,49841.18,49019.74,49077.61,477040423
2011-06-19,49070.32,49481.52,48993.16,49353.4,400932824
2011-06-26,49130.97,49169.81,48195.88,48394.02,315674793
2011-07-03,48236.15,48744.76,47575.55,48551.19,381162269
2011-07-10,48755.51,49093.63,48125.16,48700.58,419058717
2011-07-17,48561.93,48577.99,47138.45,47785.85,341460425
2011-07-24,47488.46,47516.96,46355.11,47501.78,400183419
2011-07-31,47243.56,47430.35,46345.68,47152.63,357922895
2011-08-07,47389.29,47508.78,40758.42,42011.33,627229495
2011-08-14,41129.59,42147.3,36252.38,39910.95,1128937417
2011-08-21,40298.41,41326.92,37309.72,38749.61,657393977
2011-08-28,38656.29,40116.82,38656.29,39774,418069335
2011-09-04,40040.7,42222.91,39884.17,40544.28,604857533
2011-09-11,39729.4,40732.76,38708.57,38708.57,523882710
2011-09-18,37969.75,39453.25,37051.55,39254.5,754239573
2011-09-25,38683.97,39564.47,35348.98,36549.47,802350380
2011-10-02,35921.43,38679.64,35761.42,38268.75,599425526
2011-10-09,37377.43,38401.34,36224.64,38174.89,608395600
2011-10-16,38490.02,40407.67,38244.53,40026.63,900193901
2011-10-23,40345.01,40576.77,38835.92,40054.41,587104316
2011-10-30,40412.88,41943.65,40288.44,41686.02,937683290
2011-11-06,41446.23,41669.89,40083.42,40909.81,681305677
2011-11-13,40731.06,41651.6,39540.71,39853.18,677801166
2011-11-20,40776.28,40865.03,39106.23,39106.23,549245069
2011-11-27,38970.81,38970.81,36971,37601.56,900327992
2011-12-04,37960.11,39686.75,37708.25,39144.14,758080311
2011-12-11,39409.36,39780.13,37942.32,38637.17,641864077
2011-12-18,38518.04,38556.4,36964.61,37001.49,585649479
2011-12-25,36966.63,37788.74,36539.93,37788.65,464378262
2012-01-01,37798.53,37850.42,37303.01,37595.44,304122636
2012-01-08,37716.67,38482.91,37452.95,37739.39,638377914
2012-01-15,37816.69,38413.19,37329.42,37991.91,590056459
2012-01-22,37804.17,39518.87,37762.47,39518.87,679494515
2012-01-29,39530.33,40784,39377.82,40467.92,654519663
2012-02-05,40388.46,41979.59,40155.74,41732.3,1927209383
2012-02-12,41729.48,42309.72,41181.13,41219.43,976475418
2012-02-19,41496.6,42161.4,41307.89,42161.4,719984509
2012-02-26,42318.87,42438.54,41258.14,41499.43,781318915
2012-03-04,41503.39,41919.92,41132.71,41639.72,687920995
2012-03-11,41444.68,41511.29,40273.28,41236.46,698297297
2012-03-18,41283.57,42400.46,41113.3,42209.33,704934864
2012-03-25,42189.62,42189.62,40624.02,41209.99,738452735
2012-04-01,41192.56,41985.97,40970.62,41267.16,431107931
2012-04-08,41285.62,41678.83,40484.84,40802.41,341419273
2012-04-15,40666.38,41066.36,39961.92,40668.71,397711778
2012-04-22,40570.17,40939.47,39965.81,40141.26,522853993
2012-04-29,39960.85,40248.63,38908.58,40248.63,567842365
2012-05-06,40304.34,40434.21,39800.18,39888,171657573
2012-05-13,39399.63,39910.14,38949.16,39278.24,463016587
2012-05-20,39092.87,39092.87,36820.19,37255.68,633193848
2012-05-27,37490.34,38010.69,36483.38,36860.67,431985753
2012-06-03,37100,37793.58,37000.92,37312.07,522111485
2012-06-10,37209.6,38527.19,36653.28,38526.59,518531925
2012-06-17,38754.03,39905.78,38696.34,39738.57,497491289
2012-06-24,40122,40687.59,39611.85,40187.43,531999944
2012-07-01,40025.63,40810.88,39728.44,40810.88,382524477
2012-07-08,40795.17,41217.07,40511.72,40792.66,568000524
2012-07-15,40661.98,40733.8,39714.42,40301.29,472324348
2012-07-22,40338.82,40545.64,40066.82,40148.15,585318414
2012-07-29,39702.1,39952.92,38810.22,39935.82,436547286
2012-08-05,40003.99,40668.01,39792.44,40594.36,369329347
2012-08-12,40682.4,42050.7,40646,41878.23,312063479
2012-08-19,41755.38,42521.16,41687.06,41940.79,227365694
2012-08-26,41957.86,42242.97,41606.4,41852.69,497109687
2012-09-02,41797.03,41979.3,41016.98,41573.57,370032783
2012-09-09,41629.19,42616.64,41394.2,42503.57,332090300
2012-09-16,42543.6,44140.45,42525.49,44089.49,421608039
2012-09-23,43986.27,44217.32,43573.87,43701.32,625227811
2012-09-30,43680.02,43872.45,43293.99,43739.81,684504980
2012-10-07,43631.67,44524.65,43544.47,44524.65,783618099
2012-10-14,44380.07,44445.19,43809.05,43988.28,841737746
2012-10-21,43938.68,44617.35,43759.43,43759.43,1078175838
2012-10-28,43810.2,43949.16,43005.98,43264.17,689977255
2012-11-04,43166.61,43581.92,43103.08,43581.92,387329186
2012-11-11,43347.73,43719.96,42930.77,43210.47,478028783
2012-11-18,43150.53,44007.79,43150.53,43772.6,630278416
2012-11-25,43938.05,44442.08,43937.39,44436.63,403310758
2012-12-02,44504.6,45014.74,44346.31,45014.74,461612432
2012-12-09,44985.99,46019.97,44971.25,45538.45,539305470
2012-12-16,45547.98,46912.94,45503.39,46912.94,470682652
2012-12-23,46886.86,47920.75,46769.13,47479.87,734261269
2012-12-30,47473.85,47941.82,47416.53,47460.59,241450900
2013-01-06,47961.62,48222.72,47762.85,47888.16,375370998
2013-01-13,47902.07,47922.79,47183.42,47440.8,450667536
2013-01-20,47611.81,47932.2,46862.55,47813.69,750473873
2013-01-27,47807.12,48089.11,47449.45,47613.95,655576273
2013-02-03,47529.91,47567.85,46697.05,46945.58,853885799
2013-02-10,47197.86,47296.06,46122.83,46741.54,441662209
2013-02-17,46851.89,46971.98,45969.44,46370.13,705241291
2013-02-24,46493.2,46728.06,45420.61,45948.12,476034350
2013-03-03,46012.95,46457.18,45761.19,46341.14,486259642
2013-03-10,46200.8,47277.75,46038.7,47074.39,532876977
2013-03-17,47152.59,47519.43,46765.82,47125.93,622576301
2013-03-24,46696.35,46761.16,45066.18,45066.18,496451536
2013-03-31,45519.57,45600.38,44428.75,45147.57,500525316
2013-04-07,45239.35,45304.74,44319.26,44597.66,588324866
2013-04-14,44926.19,45688.49,44582.08,45525.92,696561510
2013-04-21,45358.09,45490.16,43141.71,43447.75,437069503
2013-04-28,43546.36,43791.36,42842.07,43665.21,992221566
2013-05-05,43834.9,44312.36,43507.54,43991.51,506491086
2013-05-12,44248.91,45267.72,44102.6,44895.35,360293264
2013-05-19,44886.6,46197.82,44865.89,46078.68,422668018
2013-05-26,46213.82,46527.02,45167.72,46145.44,462556387
2013-06-02,46332.11,47841.39,46332.11,47806.34,488476483
2013-06-09,47398.14,48431.46,47084.75,48209.65,466292615
2013-06-16,48291.74,48572.75,47890.62,48273.42,486766182
2013-06-23,48358.85,48375.31,44497.43,44732.92,632911572
2013-06-30,44782.24,45187.4,43329.16,44747.79,440265620
2013-07-07,44759.97,45766.72,44577.75,45110.89,587754653
2013-07-14,45190.41,46189.6,44099.12,46150.78,282224304
2013-07-21,46115.63,46432.6,45860,46399.74,325537988
2013-07-28,46478.98,46903.79,46251.22,46258.91,255777344
2013-08-04,46313.53,48424.67,46155.96,48325.33,337442460
2013-08-11,48436.26,49162.29,47708.32,49125.36,343251943
2013-08-18,49154.84,50359.55,48982.65,49976.48,362427873
2013-08-25,50018.45,50086.52,49032.18,49895.1,514205002
2013-09-01,50107.3,50257.98,48307.58,48871.98,429942359
2013-09-08,49250.57,49399.47,45017.11,46717.04,706799099
2013-09-15,47096.14,49771.55,46944.08,49348.61,540960280
2013-09-22,49871.66,50484.96,48862.18,50308.19,626323344
2013-09-29,50182.15,51149.71,49776.84,50819.81,507949411
2013-10-06,50503.7,51096.21,50087.47,50601.24,558203452
2013-10-13,50453.02,52332.04,49899.25,52230.47,504361456
2013-10-20,52072.73,53345.22,51859.92,52587.24,609235205
2013-10-27,52746.85,54064.71,52746.85,53887.13,465688538
2013-11-03,54194.89,54725.86,53573.65,53607.86,456270672
2013-11-10,53886.25,54261.48,53106.62,53305.36,455604593
2013-11-17,53430.78,53970.47,52554.81,53896.03,362971931
2013-11-24,54058.62,55146.76,54046.33,54834.12,572766140
2013-12-01,55281.87,55384.83,54305.26,54704.89,478574489
2013-12-08,54627.26,54790.24,52513.14,52727.52,457055131
2013-12-15,53113.49,53186.73,51443.27,51761.82,485672614
2013-12-22,51676.28,51808.53,50409.52,51097.75,508275704
2013-12-29,51434.96,51572.99,51248.2,51267.29,126671530
2014-01-05,51346.22,51878.73,51168.36,51497.81,167807718
2014-01-12,51213.21,51213.21,49320.57,49796.5,456031419
2014-01-19,49943.58,51526.78,49927.54,50925.12,511005817
2014-01-26,50879.23,52074.67,50593.45,50593.45,644449491
2014-02-02,50188.76,50998.76,49577.02,50831.61,584264890
2014-02-09,50934.2,52201.64,50494.52,52137.9,530690348
2014-02-16,52151.22,53470.08,51947.42,53397.03,502115875
2014-02-23,53472.46,53666.69,52833.59,53400.11,598764659
2014-03-02,53435.92,54075.89,52643.03,53811.3,559070947
2014-03-09,51739.27,52697.98,51005.81,51954.46,876968499
2014-03-16,51651.2,51719.75,48765.47,49520.84,616143688
2014-03-23,49644.42,51048.02,49644.42,50555.93,473784763
2014-03-30,50782.91,51998.97,50325.36,51831.67,280939605
2014-04-06,52056,52871.2,52027.18,52660.68,243154959
2014-04-13,52296.7,52809.47,52044.98,52389.75,259613930
2014-04-20,52093.58,52094.01,50913.63,51510.98,151377304
2014-04-27,51538.92,52233.15,51397.45,51497.7,161227517
2014-05-04,51486.41,52036.79,51481.91,51782.38,134502925
2014-05-11,51737.55,51774.35,50258.57,50451.79,199170543
2014-05-18,50468.1,51448.51,50334.32,50858.58,231859237
2014-05-25,50975.91,52600.94,50842.13,52413.38,225929133
2014-06-01,52631.62,52754.81,52066.97,52066.97,386979091
2014-06-08,52193.82,53233.18,52031.15,53233.18,231086716
2014-06-15,53334.47,53436.07,52663.32,52759.01,176371580
2014-06-22,52340.11,53127.28,52197.93,52923.26,171233709
2014-06-29,52974.05,53156.01,51649.04,51713.44,191714669
2014-07-06,51909.99,51980.27,50673.19,50995.56,211507317
2014-07-13,51046.61,51457.49,50178.48,51085.89,163446295
2014-07-20,51287.39,51632.74,51065.61,51315.91,163656164
2014-07-27,51367.4,51711.21,51014.31,51608.79,144560561
2014-08-03,51618.75,51787.37,49625.7,50390.94,194128994
2014-08-10,50595.24,51229.53,49321.83,49593.68,180890831
2014-08-17,49944.53,51512.57,49896.34,51512.57,132904980
2014-08-24,51523.08,52450.2,51491.48,52143.1,185226962
2014-08-31,52309.88,53008,51639.48,51868.77,178120485
2014-09-07,52068.19,54518.93,52068.19,54412.52,232975299
2014-09-14,54492.16,54735.23,54020.24,54021.81,259974956
2014-09-21,53945.33,55687.59,53942.49,55636.77,286864722
2014-09-28,55421.61,55586.22,54121.83,54574.21,232647993
2014-10-05,54623.21,54981.88,53498.77,53754.63,210259560
2014-10-12,54018.54,54240.97,52697.16,52734.24,194775259
2014-10-19,52706.19,53065.61,51849.26,52662.9,280947221
2014-10-26,52862.05,53600.16,52336.68,53320.13,207521518
2014-11-02,53603.66,54029.73,53211.82,53949.58,177575594
2014-11-09,53922.18,54145.86,53234.87,53254.04,168310499
2014-11-16,53325.05,53329.43,52663.34,53176.98,143360932
2014-11-23,53085.42,53428.98,52775.27,53215.87,192998889
2014-11-30,53324.85,53569.71,52919.32,53247.07,189972685
2014-12-07,53050.26,54030.53,52962.86,53652.58,167637550
2014-12-14,53739.23,53821.25,52265.24,52265.24,192953999
2014-12-21,52232.99,52377.41,50182.53,51297.12,410171866
2014-12-28,51281.28,51670.76,51230.19,51511.68,78024661
2015-01-04,51602.65,51649.72,51013.74,51378,88237947
2015-01-11,51309.21,52393.37,50516.71,52065.88,161196219
2015-01-18,52057.14,52585.44,49943.11,50300.33,273420719
2015-01-25,50399.96,51771.22,49931.45,51680.12,208837119
2015-02-01,51436.13,52205.74,51246.21,52102.39,228865054
2015-02-08,52197.7,52417.42,51595.99,52417.42,215821100
2015-02-15,52323.15,52368.83,51859.13,52368.83,194515731
2015-02-22,52428.1,52834.2,52422.22,52566.43,174450101
2015-03-01,52765.52,53304.77,52620.83,53304.21,217515745
2015-03-08,53392.85,53678.33,52499.33,53381.8,228863475
2015-03-15,53301.97,53592.26,52610.73,52740.67,190343105
2015-03-22,52819.27,54477.36,52724.2,54477.36,251641824
2015-03-29,54552.26,54564.54,53546.29,53607.28,210835556
2015-04-05,53798.77,54200.26,53798.77,54179.04,174205539
2015-04-12,54295.49,55243.48,54290.71,55026.26,199483869
2015-04-19,55039.68,56311.48,54776.12,55459.57,213561241
2015-04-26,55593.17,56666.79,55593.17,56518.96,202807683
2015-05-03,56584.16,57192.85,56352.35,56477.69,172070990
2015-05-10,56759.18,57460.44,56312.81,57379.45,225128900
2015-05-17,57308.83,57436.98,56775.13,56901.42,200560223
2015-05-24,57088.52,57244.95,56550.25,56828.92,177920513
2015-05-31,56401.76,56493.72,55498.11,55531.79,200402004
2015-06-07,55599.98,55761.48,54246.72,54278.69,133733739
2015-06-14,54301.82,54565.77,53576.17,53956.79,186767996
2015-06-21,53892.37,54191.73,52869.33,53039.35,185246854
2015-06-28,53380.27,54449.16,53380.27,53836.45,156126568
2015-07-05,51892.58,53671.33,51817.29,52764.91,165335234
2015-07-12,52121.44,52860.95,51240.77,52588.42,178464951
2015-07-19,52912.01,53687.9,52442.43,53428.96,166507031
2015-07-26,53389.56,53498.84,51438.32,51860.33,179465729
2015-08-02,51899.07,52750.94,51287.52,52750.94,226052790
2015-08-09,52653.31,53694.88,52271.23,52425.2,312603636
2015-08-16,52690.17,53202.42,52272.17,52566.45,249081498
2015-08-23,52597.98,52701.83,51833.51,51850.61,287097260
2015-08-30,50321.87,50972.44,48048.05,50972.44,344868610
2015-09-06,50890.28,51280.39,50135.97,50792.08,381875030
2015-09-13,51035.26,51681.05,50498.77,51519.45,293275819
2015-09-20,51375.3,51880.22,50966.57,51303.79,335302072
2015-09-27,51345.07,51592.2,49471.07,49935.09,270105477
2015-10-04,49888.37,50073.74,48612.63,49275.66,252719964
2015-10-11,49568.13,51749.79,49516.62,51710.74,317404150
2015-10-18,51837.74,51909.32,50971.94,51391.65,292751525
2015-10-25,51381.67,51594.67,50919.24,51157.09,238579137
2015-11-01,50787.47,51433.35,49992.51,50271.65,226644452
2015-11-08,50320.78,50776.76,49544.32,49599.29,239098246
2015-11-15,49671.72,49786.8,48656.31,48697.1,200501273
2015-11-22,48448.78,49533.78,48252.45,49434.43,257421931
2015-11-29,49219,49219,47603.61,47996.8,256824886
2015-12-06,47976.54,48267.19,45349.68,46537.67,350387171
2015-12-13,46820.74,46984.87,44220.32,44220.32,474265140
2015-12-20,44294.52,46087.02,43724.52,45996.81,326920233
2015-12-27,45942.02,46649.73,45875.28,46564.08,126945320
2016-01-03,46493.65,47182.23,46386.72,46467.38,134280974
2016-01-10,45701.18,45701.18,43586.89,43770.51,188565257
2016-01-17,43671.6,44905.71,43239.85,43719.53,334110037
2016-01-24,43155.99,43392.12,41747.01,43039.42,361149750
2016-01-31,43286.11,44290.05,42711.67,44290.05,304817698
2016-02-07,44257.2,44906.53,43427.62,44671.66,285049367
2016-02-14,44646.14,44700.02,43230.24,43849.4,223183025
2016-02-21,44314.5,46278.94,43971.05,45455.8,327159356
2016-02-28,45841.77,46272.05,45108.5,45770.44,232951186
2016-03-06,45605.45,46562.2,44843.16,46400.67,309191175
2016-03-13,46467.99,47267.12,46229.69,47182.13,266666383
2016-03-20,47427.54,48228.56,46829.51,48211.45,377362520
2016-03-27,48029.37,48306.62,47353.41,47778.01,219117451
2016-04-03,47885.22,49017.35,47835.98,48506.46,221169631
2016-04-10,48535.72,48815.8,47025.11,47556.03,205683978
2016-04-17,47556.88,48333.52,47076.84,48095.43,194691873
2016-04-24,47793.92,48847.22,47700.97,48446.39,268409921
2016-05-01,48365.58,48423.27,47212.65,47641.99,244265476
2016-05-08,47681.11,47954.08,46228.42,46663.67,152918567
2016-05-15,46790.7,46861.92,45933.17,46063.67,184640726
2016-05-22,46463.09,47143.86,45549.91,45784.76,206100351
2016-05-29,45801.86,46852.3,45618.02,46634.55,145044129
2016-06-05,46658.48,46713.89,44499.31,45523.93,232554940
2016-06-12,45741.08,46693.34,45251.85,45348.2,167633758
2016-06-19,44965.76,45142.43,43828.13,44606.86,227109088
2016-06-26,45001.12,46826.85,42812.99,44773.75,236304424
2016-07-03,44662.18,45028.11,44045.53,44754.05,253238319
2016-07-10,44316.43,44422.31,43534.02,44024.66,190528037
2016-07-17,44490.94,45660.97,44490.94,45540.6,220374980
2016-07-24,45741.46,46639.17,45713.13,46541.69,169507480
2016-07-31,46781.98,47069.57,46104.84,46171.72,210477639
2016-08-07,46328.4,47634.1,46052.49,47604.22,305941545
2016-08-14,47701.25,48776.53,47701.25,48631.44,208140393
2016-08-21,48605.94,48646.21,47489.01,47536.72,177169106
2016-08-28,47513.29,47751.24,47220.32,47456.36,259326396
2016-09-04,47371.62,48123.6,47121.34,47405.71,238278341
2016-09-11,47494.31,48636.67,47304.12,47326.14,236341459
2016-09-18,46904.26,47294.31,46321.24,47166.67,219386907
2016-09-25,47345.25,48154.88,47266.99,47865.78,246289485
2016-10-02,47641.42,47644.51,46930.43,47084.94,230517367
2016-10-09,47169.38,48141.42,47106.19,47762.81,216156755
2016-10-16,47929.53,48147.94,47285.64,47285.64,209192498
2016-10-23,47260.82,48138.27,47184.85,47931.14,233131409
2016-10-30,48034.72,49070.85,48034.72,49070.85,224085571
2016-11-06,49024.6,49331.67,47564.61,47610.85,183985589
2016-11-13,48179.18,49129.58,47208.3,48447.59,185024889
2016-11-20,48626.04,48626.04,46674.28,46910.91,240587050
2016-11-27,47147.41,48942.71,47021.01,48579.08,231977617
2016-12-04,48602.54,48770.26,48049.4,48474.03,283068912
2016-12-11,48732.15,51125.97,48709.2,50693.75,313166331
2016-12-18,50779.39,51380.01,50247.69,51115.26,298504566
2016-12-25,50943.74,51699.67,50617.18,51295.58,222759993
2017-01-01,51314.38,51921.03,51127.38,51754.03,128882678
2017-01-08,51743.43,52842.55,51608.44,52721.67,172693931
2017-01-15,52783.13,53989.49,52594.43,53498.26,284834384
2017-01-22,53421.67,53865.85,53276.06,53573.28,243363430
2017-01-29,53502.33,55929.47,53389.9,55657.7,305953292
2017-02-05,55651.36,55854.57,55008.13,55408.23,220377564
2017-02-12,55456.89,57435.24,55359.11,57385.03,304292696
2017-02-19,57658.42,58736.23,57497.37,57972.68,391353231
2017-02-26,58168.72,59844.93,58001.32,58657.32,295586127
2017-03-05,58751.19,60021.25,58170.94,59313.38,389585865
2017-03-12,59277.34,59434.57,57558.86,58316.11,426726284
2017-03-19,58549.24,60631.65,58479.54,60440.57,395745787
2017-03-26,60413.36,60511.03,58313.36,59069.56,339606780
2017-04-02,58397.48,59375.3,57911.31,57911.31,281366307
2017-04-09,58258.3,59498.05,58166.29,59287.92,244640017
2017-04-16,59321.52,59388.02,58295.12,58695.36,193870870
2017-04-23,58939.48,59991.53,58694.68,59285.57,252134815
2017-04-30,59915.05,62039.43,59765.38,61644.56,380538434
2017-05-07,61932.93,62666.49,61227.82,61831.4,167013629
2017-05-14,62001.06,62482.29,61422.04,61595.38,385274274
2017-05-21,61975.93,61975.93,59143.38,60739.95,290226939
2017-05-28,60923.81,61602.24,60155.31,60907.75,236665832
2017-06-04,60918.1,60983,59881.34,60754.42,239844000
2017-06-11,60768.63,61631.76,59859.02,61181.57,222429781
2017-06-18,61044.81,61113.58,60173.4,60481.07,158312215
2017-06-25,60833.96,61258.94,60389.37,60982.19,184400465
2017-07-02,61386.3,62096.24,60910.57,61018.36,193133689
2017-07-09,61126.43,61392.77,60645.26,60707.52,128121738
2017-07-16,61047.43,62127.72,60619.69,62127.72,183562069
2017-07-23,62342.01,62853.78,61936.46,61979.52,183366722
2017-07-30,61969.02,62428.92,61722.32,62366.5,200600743
2017-08-06,62329.92,63026.98,62126.24,62478.3,245056136
2017-08-13,62643.36,63351.24,62029.51,62206.45,377664573
2017-08-20,62487.01,62820.37,61675.81,62053.31,272980470
2017-08-27,62117.45,64285.57,61939.41,64135.52,404192496
2017-09-03,64202.62,65244.55,64026.15,65208.48,290493860
2017-09-10,64862.18,65611.21,64194.58,64306.53,238676253
2017-09-17,64496.56,65365.3,64434.74,64535.67,268691764
2017-09-24,64949.24,65100.09,63982.64,64397.32,247447669
2017-10-01,64380.73,64481.9,63498.26,64289.69,211947933
2017-10-08,64552.98,64851.05,63731.65,64456.06,220557288
2017-10-15,64530.3,66053.82,64427.37,65318.72,254266714
2017-10-22,65647.53,65679.23,63549.75,63719.57,215645462
2017-10-29,63760.49,64097.97,62968.85,64054.62,285951252
2017-11-05,64199.28,65050.67,64033.16,64214.11,172149418
2017-11-12,64407.62,65633.77,63415.6,63415.6,236386469
2017-11-19,63488.52,63618.95,62214.08,63047.02,225654898
2017-11-26,62954.94,64513.76,62914.48,63857.97,209175398
2017-12-03,63815.68,64322.74,61807.87,62031.02,296171856
2017-12-10,62186.66,62769.97,61631.16,62430.24,228838302
2017-12-17,62578.24,62945.35,61796.27,62619.6,237957503
2017-12-24,62855.59,63761.1,62855.59,63237.38,228844209
2017-12-31,63360.77,64069.86,63340.78,63746.2,163262442
2018-01-07,63988.33,65436.29,63269.89,65314.32,140707012
2018-01-14,65520.15,65957.09,64647.89,65465.65,203271545
2018-01-21,65528.36,66960.63,65198.89,66897.08,181497451
2018-01-28,67005.37,67933.05,66537.12,66861.37,187246325
2018-02-04,67031.49,67036.35,64920.33,65021.36,192718408
2018-02-11,64413.59,64781.73,61779.84,61952.62,233823780
2018-02-18,62552.39,64042.13,62523.21,62818.71,158349978
2018-02-25,62884.53,63061.49,61838.93,62665.06,146575285
2018-03-04,63025.31,63086.8,60360.82,60580.36,198531371
2018-03-11,60308.56,61711.68,60272.64,61688.08,167638153
2018-03-18,61986.42,62264.72,60275.66,60391.42,236751200
2018-03-25,60459.41,61099.86,58973.77,59436.36,186574530
2018-04-01,59524.67,59838.11,57947.92,58377.42,149052917
2018-04-08,58375.85,59689.95,58173.3,59553.13,138207972
2018-04-15,59685.88,60687.23,59366.32,60477.53,196118281
2018-04-22,60521.7,61008.88,60046.7,60144.37,148050989
2018-04-29,60121.5,60407.3,59137.82,59567.47,218859959
2018-05-06,59614.39,60219.19,58752.27,58883.65,99556954
2018-05-13,59050.63,60784.11,58405.34,60784.11,205143560
2018-05-20,60824.25,60874.54,58622.75,58740.33,216995002
2018-05-27,58877.41,59444.82,57865.85,58233.23,222274413
2018-06-03,58203.34,58575.95,56946.82,57890.11,342011531
2018-06-10,58158.72,59699.84,57983.15,59015.21,213266539
2018-06-17,59090.5,59306.1,57693.09,57693.09,215991444
2018-06-24,57669.66,57833.84,55540.17,56610.74,180857027
2018-07-01,56368.55,56876.75,55124.54,55954.44,204721731
2018-07-08,55490.11,57288.6,55202.31,56497.02,134390605
2018-07-15,56874.36,57299.46,56235.25,56594.71,156897423
2018-07-22,56584.8,57303.81,56091.63,57303.81,174864497
2018-07-29,57469.03,59982.31,57384.82,59650.51,196854286
2018-08-05,59528.5,60378.92,59412.53,59605.67,177954329
2018-08-12,59656.62,60455.75,58783.91,58783.91,213743007
2018-08-19,58673.72,59345.29,58117.88,58130.92,178477832
2018-08-26,58412.32,60169.39,58311.85,59900.47,247235320
2018-09-02,60119.55,61604.01,60119.55,60201.08,257588523
2018-09-09,60218.66,60840.72,57460.3,57580.05,328130356
2018-09-16,57673.03,58163.43,56858.6,57632.29,315897117
2018-09-23,57565.59,58792.94,57034.26,58237.83,464354258
2018-09-30,58305.26,59616.58,58305.26,58974.76,267857363
2018-10-07,59152.37,59647.34,58326.09,58415.84,192473984
2018-10-14,58272.17,58272.17,55628.34,56516.02,186982349
2018-10-21,56590.24,57578.04,56089.84,56642.84,199897953
2018-10-28,56834.41,56955.9,54027.32,54027.32,154060818
2018-11-04,54262.62,56538.5,54066.64,56321.58,156542538
2018-11-11,56239.45,58244.49,56212.16,56924.39,237607697
2018-11-18,56660.02,57289.36,54866.97,55442.1,274379989
2018-11-25,55573.38,57015.13,54985.95,56788.04,443923083
2018-12-02,57070.53,58412.94,56271.69,58203.39,331768614
2018-12-09,58933.32,59707.73,58002.7,58180.45,291240872
2018-12-16,57927.01,58978.88,56961.82,58780.55,324945762
2018-12-23,58643.41,59223.65,56655.36,57331.35,392477406
2018-12-30,57800.92,57954.07,57108.77,57690.5,76855427
2019-01-06,57494.06,58291.59,57090.34,57947.51,89710058
2019-01-13,58270.9,59903.73,58270.9,59322.53,217090683
2019-01-20,59029.04,60384.98,58790.46,60289.51,191102175
2019-01-27,60217.36,61128.08,59587.24,60661.36,189708934
2019-02-03,60722.49,60723.01,59674.89,60660.31,178699977
2019-02-10,60670.06,61402.29,60121.43,60280.51,189122497
2019-02-17,60332.84,60747.38,59276.26,59814.26,207297572
2019-02-24,59933.58,60585.72,59346.39,60274.56,188356367
2019-03-03,60571.43,60875.07,59903.7,60076.61,202098898
2019-03-10,60364.27,60421.29,59178.82,59436.39,169666571
2019-03-17,59552.07,60907.28,59416.74,60706.57,240488929
2019-03-24,60811.53,61091.6,60097.1,60097.1,182319082
2019-03-31,59820.69,60172.64,59574.27,59668.03,144696411
2019-04-07,60060.64,62009.9,60040.96,60755.88,155977288
2019-04-14,60902.69,61674.73,60735.25,60969.26,140494456
2019-04-21,60975.16,61584.42,60642.74,60910.11,130416994
2019-04-28,60949.19,61044.3,60465.99,60990.17,110350046
2019-05-05,61049.56,61069.77,59703.38,59744.3,99659968
2019-05-12,59049.79,59347.83,56580.29,56913.26,192167904
2019-05-19,56996.69,57061.45,56022.03,56561.79,180523615
2019-05-26,56631.27,57476.13,55999.93,56753.79,157111890
2019-06-02,56813.16,57909.95,56419.34,57909.95,201674733
2019-06-09,57829.53,58950.89,57524.06,58852.53,198326656
2019-06-16,59096.61,59575.69,58531.98,59092.01,185321908
2019-06-23,59167.19,60186.06,58756.95,59433.13,185954243
2019-06-30,59689.41,60536.87,59333.4,60187.43,202118349
2019-07-07,60938.78,60972.83,59895.33,60628.11,158064680
2019-07-14,60495.51,60809.15,60022.97,60378,194990402
2019-07-21,60543.31,61005.48,59626.82,60902.04,194488133
2019-07-28,60840.13,61089.67,60016.7,60146.67,140819125
2019-08-04,60151.58,60211.18,58360.55,58360.55,159293720
2019-08-11,58081.75,58132.06,56175.41,56316.19,178238897
2019-08-18,56551.4,57286.98,55066.72,55227.6,129448188
2019-08-25,55756.53,56617.12,55610.59,56047.39,156350503
2019-09-01,55526.02,56765.57,54702.14,56739.53,184209436
2019-09-08,56861.56,56982.12,55982.14,56593.23,148617098
2019-09-15,56673.93,58321.52,56657.46,58144.64,200457883
2019-09-22,57992.72,58525.39,57294.84,57485.19,304921266
2019-09-29,57457.88,57729.31,56727.95,57666.04,180711016
2019-10-06,57705.26,57705.8,55086.12,55980.47,172343185
2019-10-13,56143.58,56898.67,55739.92,56895.37,151259832
2019-10-20,56930.4,57426.06,56492.62,57024.61,157945726
2019-10-27,56951.4,58167.5,56951.4,57329.09,147845790
2019-11-03,57394.12,58628.93,57394.12,57783.02,127978806
2019-11-10,58294.43,59651.52,58250.46,59191.71,205454681
2019-11-17,59262,59472.48,58510.17,58751.67,160233624
2019-11-24,58959,59004.58,57321.76,57863.03,166816887
2019-12-01,58036.33,58237.66,57425.36,57502.14,192034549
2019-12-08,57643.57,57726.77,55629.42,55994.68,193750493
2019-12-15,55970.05,57084,55205.88,56729.11,170206827
2019-12-22,56732.32,57440.92,56691.23,57202.89,229963063
2019-12-29,57176.11,58132.76,57172.18,57877.81,53389281
2020-01-05,57935.09,59048.28,57780.56,58603.27,87443913
2020-01-12,58597.73,58732.09,57524.72,58732.09,141160769
2020-01-19,58780.41,59298.22,58543.53,59039.84,202179269
2020-01-26,59082.18,59214.29,58292.33,58607.31,172409925
2020-02-02,58158.26,58187.8,56371.34,56681.27,198710716
2020-02-09,56550.46,58537.34,56340.25,57816.25,187526737
2020-02-16,57816.95,58322.47,57320.5,57895.19,153780166
2020-02-23,58209.66,58221.62,57365.57,57424.47,144060205
2020-03-01,56862.02,56862.02,48324.78,49276.54,345060707
2020-03-08,50300.61,52562.98,48999.82,49326.23,273889256
2020-03-15,47597.42,47597.42,37164.02,38629.63,410863062
2020-03-22,38031.23,43018.7,35588.11,41153.2,541643796
2020-03-29,40442.12,41671.21,39081.81,40886.9,308261602
2020-04-05,41073.94,41854.3,40127.25,41532.37,396128290
2020-04-12,42297.83,45387.4,42297.83,44499.23,389020588
2020-04-19,45015.42,46394.37,44440.72,45353.23,320398952
2020-04-26,45501.22,45681.59,43523.94,44884.25,279524837
2020-05-03,45344.34,46856.54,44455.02,46117,270106330
2020-05-10,45636.86,45639.53,44153.27,45228.14,240105401
2020-05-17,45527.26,45937.83,43996.33,44348.22,226731006
2020-05-24,44994.42,46491.15,44812.88,45915.72,247918088
2020-05-31,46240.77,49151.07,46026.97,48127.64,524597767
2020-06-07,48598.87,51573.79,48350.1,51494.63,427824827
2020-06-14,51488.28,51797.65,49106.61,50169.11,434194196
2020-06-21,49555.88,50756.79,48881.66,50670.08,502693161
2020-06-28,50642.94,51863.82,49725.89,49725.89,401648223
2020-07-05,49593.24,51130.2,49248.33,50959.44,320891810
2020-07-12,51509.88,51727.42,50334.91,50933.53,253341655
2020-07-19,51381.34,51421.63,50303.79,51046.47,318148415
2020-07-26,51018.23,53332.13,50954.06,51672.44,411735831
2020-08-02,51785.78,52473.45,50024.6,50468.16,418143259
2020-08-09,50659.32,52540.24,50637.27,51732.44,281177000
2020-08-16,51894.82,53158.36,51731.15,52631.64,223405149
2020-08-23,52748.52,52889,51725.81,51920.09,247574281
2020-08-30,52274.62,52825.06,51843.1,52237.26,200699415
2020-09-06,52352.04,52437.56,50307.56,50522.18,247597116
2020-09-13,50792.57,50988.15,49120.07,50737.57,250327383
2020-09-20,50982.8,51046.23,49392.36,49825.58,252166974
2020-09-27,49532.56,50246,47763.86,48294.74,311536564
2020-10-04,48750.61,49841.68,48572.22,49043.26,223613883
2020-10-11,49381.73,50491.83,48752.01,49191.09,237710950
2020-10-18,49328.5,49419.84,47425.22,48210.12,268673314
2020-10-25,48419.26,48841.18,47606.93,47846.25,266853755
2020-11-01,47566.27,47768.62,43679.41,44097.98,270768196
2020-11-08,44413.22,49058.29,44413.22,48962.48,258288697
2020-11-15,49431.74,51653.95,49088.85,50636.31,302131083
2020-11-22,51050.43,52418.13,51049.51,52353.64,263457030
2020-11-29,52721.28,53662.35,52529.64,53302.48,238389686
2020-12-06,53076.28,55360.35,52379.74,55304.72,296526481
2020-12-13,55357.14,57219.58,54956.03,55501.03,376167463
2020-12-20,55657.12,57204.71,54921.97,55607.24,325239522
2020-12-27,55126.42,55881.89,53154.57,55843.46,151002743
2021-01-03,56223.64,57878.17,56223.64,57025.84,202866916
